Workbook

Sheet Cards
D3: ='Cards Src'!$A7 -> FIREBALL | J3: ='Cards Src'!A8 -> FROST NOVA | P3: ='Cards Src'!A9 -> TIDAL WAVE | V3: ='Cards Src'!A10 -> BRAMBLE SNARE
C4: ='Cards Src'!E7 -> #VALUE! | I4: ='Cards Src'!E8 -> #VALUE! | O4: ='Cards Src'!E9 -> #VALUE! | U4: ='Cards Src'!E10 -> #VALUE!
C5: ='Cards Src'!$C7 -> Deals damage on contact. Explodes against surfaces | I5: ='Cards Src'!$C8 -> Explodes on contact and freezes enemies. Frozen enemies take 1.5x damage | O5: ='Cards Src'!C9 -> Summons a wave that pushes back all enemies it hits, accumulating damage | U5: ='Cards Src'!C10 -> Creates a trap area that slows + damages enemies as they move through it
D9: ='Cards Src'!$A11 -> LIGHTNING BOLT | J9: ='Cards Src'!A12 -> BLACK HOLE | P9: ='Cards Src'!A13 -> ASTRAL DAGGER | V9: ='Cards Src'!A14 -> CHAIN LIGHTNING
C10: ='Cards Src'!E11 -> #VALUE! | I10: ='Cards Src'!E12 -> #VALUE! | O10: ='Cards Src'!E13 -> #VALUE! | U10: ='Cards Src'!E14 -> #VALUE!
C11: ='Cards Src'!$C11 -> Casts a bolt of lightning | I11: ='Cards Src'!$C12 -> Vacuums in nearby enemies | O11: ='Cards Src'!C13 -> Flies to the nearest enemy in vision | U11: ='Cards Src'!C14 -> Casts a tracking bolt of lightning that can chain to close enemies
D15: ='Cards Src'!$A15 -> DIVINE JUDGEMENT | J15: ='Cards Src'!A16 -> HASTE | P15: ='Cards Src'!A17 -> HINDER | V15: ='Cards Src'!A18 -> MULLIGAN
C16: ='Cards Src'!E15 -> #VALUE! | I16: ='Cards Src'!E16 -> #VALUE! | O16: ='Cards Src'!E17 -> #VALUE! | U16: ='Cards Src'!E18 -> #VALUE!
C17: ='Cards Src'!$C15 -> Creates an area on the ground that damages to enemies within it. Mark any enemy to deal damage to the enemy proportional to the time spent once finishes | I17: ='Cards Src'!$C16 -> Increases player movement speed for a set duration | O17: ='Cards Src'!C17 -> Enemies are temporarily slowed on hit for a set duration. | U17: ='Cards Src'!C18 -> Randomly swap two cards in the current hand with cards in the deck
D21: ='Cards Src'!$A19 -> BUT WAIT, THERE'S MORE | J21: ='Cards Src'!A20 -> MANA SHIELD | P21: ='Cards Src'!A21 -> RUNAWAY BULL | V21: ='Cards Src'!A22 -> HOLY BLADE
C22: ='Cards Src'!E19 -> #VALUE! | I22: ='Cards Src'!E20 -> #VALUE! | O22: ='Cards Src'!E21 -> #VALUE! | U22: ='Cards Src'!E22 -> #VALUE!
C23: ='Cards Src'!$C19 -> Randomly shuffle two cards from the discard pile back into the deck | I23: ='Cards Src'!$C20 -> Negate x number of hits | O23: ='Cards Src'!C21 -> For a temporary amount of time, causes the player's dashes to push enemies away slightly and inflict damage | U23: ='Cards Src'!C22 -> Increase damage of your weapon by x for a certain amount of time
D27: ='Cards Src'!$A23 -> RECALL | J27: ='Cards Src'!A24 -> GREED | P27: ='Cards Src'!A25 -> 0 | V27: ='Cards Src'!A26 -> 0
C28: ='Cards Src'!E23 -> #VALUE! | I28: ='Cards Src'!E24 -> #VALUE! | O28: ='Cards Src'!E25 -> 0 | U28: ='Cards Src'!E26 -> 0
C29: ='Cards Src'!$C23 -> Recall last used card into deck | I29: ='Cards Src'!$C24 -> Draw 2 cards | O29: ='Cards Src'!C25 -> 0 | U29: ='Cards Src'!C26 -> 0

Sheet Cards Src
A1: Borders and Backsides
A2: #VALUE! | C2: #VALUE!
A4: #VALUE! | C4: #VALUE!
A6: Card Name | B6: Type | C6: Card Description | D6: Element | E6: Art
A7: FIREBALL | B7: Attack | C7: Deals damage on contact. Explodes against surfaces | D7: Fire | E7: #VALUE!
A8: FROST NOVA | B8: Attack | C8: Explodes on contact and freezes enemies. Frozen enemies take 1.5x damage | D8: Ice | E8: #VALUE!
A9: TIDAL WAVE | B9: Attack | C9: Summons a wave that pushes back all enemies it hits, accumulating damage | D9: Water | E9: #VALUE!
A10: BRAMBLE SNARE | B10: Attack | C10: Creates a trap area that slows + damages enemies as they move through it | D10: Plant | E10: #VALUE!
A11: LIGHTNING BOLT | B11: Attack | C11: Casts a bolt of lightning | D11: Electric | E11: #VALUE!
A12: BLACK HOLE | B12: Attack | C12: Vacuums in nearby enemies | D12: Dark | E12: #VALUE!
A13: ASTRAL DAGGER | B13: Attack | C13: Flies to the nearest enemy in vision | D13: Light | E13: #VALUE!
A14: CHAIN LIGHTNING | B14: Attack | C14: Casts a tracking bolt of lightning that can chain to close enemies | D14: Electric | E14: #VALUE!
A15: DIVINE JUDGEMENT | B15: Attack | C15: Creates an area on the ground that damages to enemies within it. Mark any enemy to deal damage to the enemy proportional to the time spent once finishes | D15: Light | E15: #VALUE!
A16: HASTE | B16: Modify | C16: Increases player movement speed for a set duration | D16: Buff | E16: #VALUE!
A17: HINDER | B17: Modify | C17: Enemies are temporarily slowed on hit for a set duration. | D17: Buff | E17: #VALUE!
A18: MULLIGAN | B18: Modify | C18: Randomly swap two cards in the current hand with cards in the deck | D18: Draw | E18: #VALUE!
... A24: GREED | B24: Modify | C24: Draw 2 cards | D24: Draw | E24: #VALUE!

Sheet Icons Src
A2: Elements | B2: #VALUE! | C2: #VALUE! | D2: #VALUE! | E2: #VALUE! | F2: #VALUE! | G2: #VALUE! | H2: #VALUE! | I2: #VALUE! | J2: #VALUE!
A4: Cards

Sheet Borders
